Name,Role,Department,Age,Salary,JoiningDate,ExperienceYears,SalaryBand,DepartmentEncoded,SalaryBandEncoded,SalaryNorm,ExperienceNorm
Donna Wood,Developer,Marketing,44,35461,2026-04-26,0,Low,3,1,0.11014795364189522,0.0
David Hall,Analyst,Finance,30,36888,2019-07-19,6,Low,0,1,0.12519641030508188,0.6666666666666666
Tony Gonzales,Analyst,Marketing,28,31966,2021-11-24,4,Low,3,1,0.07329136216478427,0.4444444444444444
Rhonda Duncan,Developer,It,23,36043,2020-06-03,6,Low,2,1,0.1162854461282124,0.6666666666666666
Timothy Thomas,Manager,Hr,41,36916,2025-08-16,0,Low,1,1,0.1254916848576882,0.0
Christopher White,Analyst,It,34,30928,2022-01-29,4,Low,2,1,0.06234511267887838,0.4444444444444444
Wendy Brown Md,Sales Executive,Finance,40,28885,2017-08-18,8,Low,0,1,0.040800615858352596,0.8888888888888888
Isaac Hernandez,Designer,Finance,43,29856,2023-10-18,2,Low,0,1,0.051040315521950486,0.2222222222222222
Thomas Alvarez,Developer,Marketing,40,26532,2016-11-18,9,Low,3,1,0.015987007919685325,1.0
Andrew Strickland,Developer,Marketing,42,30951,2018-04-26,8,Low,3,1,0.06258765963280499,0.8888888888888888
Bruce Sloan,Designer,Hr,36,31205,2018-03-19,8,Low,1,1,0.06526622164573381,0.8888888888888888
Tiffany Hernandez,Developer,Sales,37,29215,2024-08-04,1,Low,4,1,0.04428063737121285,0.1111111111111111
Megan Wade,Developer,Finance,44,36035,2019-09-28,6,Low,0,1,0.11620108197032492,0.6666666666666666
Kathleen Howard,Designer,Finance,43,35214,2026-05-13,0,Low,0,1,0.107543210267118,0.0
Jesus Brown,Developer,Hr,24,30066,2024-11-20,1,Low,1,1,0.05325487466649792,0.1111111111111111
Kelly Weaver,Designer,Sales,26,28017,2024-01-20,2,Low,4,1,0.031647104727556497,0.2222222222222222
Victoria Young,Manager,It,25,32447,2019-10-21,6,Low,2,1,0.0783637571577715,0.6666666666666666
David Andrade,Sales Executive,Hr,37,34938,2017-12-13,8,Low,1,1,0.10463264681999851,0.8888888888888888
Allen Wilkinson,Manager,Finance,44,29888,2026-03-13,0,Low,0,1,0.05137777215350059,0.0
Mr. Brandon Kramer,Manager,Finance,34,26827,2017-12-07,8,Low,0,1,0.019097936241787683,0.8888888888888888
Stephen Cuevas,Sales Executive,Marketing,35,31066,2021-06-29,4,Low,3,1,0.06380039440243812,0.4444444444444444
Leah Moses,Developer,Sales,33,30804,2021-12-28,4,Low,4,1,0.061037468231621816,0.4444444444444444
Morgan Solis,Sales Executive,Marketing,26,29043,2018-09-02,7,Low,3,1,0.042466807976631105,0.7777777777777777
Amy Newman,Developer,Hr,27,27137,2021-12-30,4,Low,1,1,0.022367047359929115,0.4444444444444444
Mary Rice,Sales Executive,Hr,26,27378,2022-12-04,3,Low,1,1,0.024908517616290704,0.3333333333333333
Tiffany Baker,Manager,Finance,37,36613,2017-03-08,9,Low,0,1,0.12229639237769835,1.0
Ariel Williams,Manager,Marketing,39,25016,2022-02-07,4,Low,3,1,0.0,0.4444444444444444
Elizabeth Boone,Sales Executive,Sales,27,31912,2017-03-24,9,Low,4,1,0.0727219040990435,1.0
Hector Glass,Developer,Hr,35,27344,2021-10-26,4,Low,1,1,0.024549969945268757,0.4444444444444444
Jeremy Caldwell,Analyst,Finance,22,38013,2026-04-21,0,Low,0,1,0.1370601200080146,0.0
John Wright,Designer,Hr,24,28808,2020-05-17,6,Low,1,1,0.03998861083868516,0.6666666666666666
Raymond Collier,Manager,Marketing,40,32218,2019-05-31,7,Low,3,1,0.07594883313824119,0.7777777777777777
Jennifer Shaw,Designer,Sales,45,33939,2023-04-30,3,Low,4,1,0.09409767260379426,0.3333333333333333
Taylor King,Analyst,It,39,27508,2020-08-08,5,Low,2,1,0.026279435181962962,0.5555555555555556
Mr. Jeremy Brown Ii,Designer,It,43,37305,2017-03-30,9,Low,2,1,0.12959389203496896,1.0
James Johnson,Developer,Hr,25,34518,2023-09-06,2,Low,1,1,0.10020352853090364,0.2222222222222222
Barbara Meyer,Developer,Marketing,38,38881,2019-09-06,6,Low,3,1,0.1462136311388107,0.6666666666666666
Brian Ortiz,Analyst,It,35,32020,2023-02-27,3,Low,2,1,0.07386082023052504,0.3333333333333333
Mike Brown,Designer,It,35,38356,2017-02-16,9,Low,2,1,0.14067723327744208,1.0
Danielle Wilson,Designer,It,28,31647,2022-08-03,3,Low,2,1,0.06992734136901935,0.3333333333333333
Sean Hall,Analyst,It,26,36046,2024-12-15,1,Low,2,1,0.11631708268742025,0.1111111111111111
Veronica Perez,Developer,It,44,33433,2025-12-02,0,Low,2,1,0.08876163961740852,0.0
Jorge Pearson,Designer,Hr,45,32677,2026-02-15,0,Low,1,1,0.08078922669703775,0.0
Mary Anderson,Analyst,Marketing,34,33876,2025-08-26,0,Low,3,1,0.09343330486043006,0.0
Mr. Adam Torres,Analyst,Sales,28,30311,2026-01-02,0,Low,4,1,0.055838527001803306,0.0
Nicholas Conner,Manager,Marketing,24,30103,2022-11-21,3,Low,3,1,0.053645058896727715,0.3333333333333333
Alexandria Montes,Sales Executive,Marketing,28,33999,2025-12-07,0,Low,3,1,0.09473040378795067,0.0
Theresa Short,Developer,It,25,35907,2024-01-03,2,Low,2,1,0.11485125544412456,0.2222222222222222
Elaine Gay,Manager,Finance,38,35287,2026-05-25,0,Low,0,1,0.10831303320784164,0.0
Joseph Sawyer,Sales Executive,It,37,38869,2019-12-29,6,Low,2,1,0.1460870849019794,0.6666666666666666
Beth Vincent,Designer,It,32,29323,2023-07-24,2,Low,2,1,0.04541955350269439,0.2222222222222222
Scott Smith Phd,Developer,It,30,28714,2022-04-15,4,Low,2,1,0.0389973319835068,0.4444444444444444
Amy Shaffer,Designer,Finance,28,34827,2024-01-20,2,Low,0,1,0.10346209412930918,0.2222222222222222
David Case,Designer,Marketing,41,31822,2024-01-13,2,Low,3,1,0.07177280732280888,0.2222222222222222
Valerie White,Developer,Marketing,23,38906,2022-09-04,3,Low,3,1,0.14647726913220915,0.3333333333333333
Mrs. Angela Turner,Manager,Hr,26,36283,2019-08-26,6,Low,1,1,0.1188163708648381,0.6666666666666666
Tracey Molina,Manager,Marketing,43,29419,2022-01-30,4,Low,3,1,0.04643192339734464,0.4444444444444444
Gregory Yoder,Manager,Marketing,45,34685,2020-08-09,5,Low,3,1,0.10196463032680564,0.5555555555555556
Carlos Camacho,Analyst,Sales,34,25757,2026-01-02,0,Low,4,1,0.00781423012433169,0.0
Rebecca Sims,Designer,It,24,25247,2020-07-20,5,Low,2,1,0.00243601505900215,0.5555555555555556
Victor Lopez,Developer,Finance,44,30172,2026-03-29,0,Low,0,1,0.054372699758507614,0.0
James Wilson,Analyst,Marketing,25,29675,2024-04-09,2,Low,3,1,0.04913157644974531,0.2222222222222222
Cassandra Green,Sales Executive,Marketing,30,37797,2022-07-31,3,Low,3,1,0.13478228774505152,0.3333333333333333
Joy Cabrera,Developer,It,42,30017,2017-12-18,8,Low,2,1,0.05273814419943684,0.8888888888888888
Diane Rich,Developer,Hr,45,28461,2022-01-05,4,Low,1,1,0.03632931549031393,0.4444444444444444
David Navarro,Designer,It,44,29799,2021-10-07,4,Low,2,1,0.050439220897001924,0.4444444444444444
Joanna Mckenzie,Analyst,Marketing,24,34465,2025-04-18,1,Low,3,1,0.09964461598489882,0.1111111111111111
Robert Duran,Developer,Marketing,28,27975,2025-06-09,0,Low,3,1,0.03120419289864701,0.0
Richard Miller,Manager,It,40,29614,2021-01-14,5,Low,2,1,0.04848829974585295,0.5555555555555556
Alyssa Diaz,Developer,It,34,36200,2026-04-07,0,Low,2,1,0.11794109272675501,0.0
John Gross,Manager,Marketing,41,32955,2017-03-12,9,Low,3,1,0.08372088118362914,1.0
Kevin Simpson,Analyst,Marketing,23,30578,2023-10-06,2,Low,3,1,0.0586541807712993,0.2222222222222222
Crystal Mendez,Developer,Hr,25,29554,2022-04-18,4,Low,1,1,0.04785556856169654,0.4444444444444444
Andrea Nelson,Analyst,Sales,23,38252,2024-04-03,2,Low,4,1,0.1395804992249043,0.2222222222222222
Tony Foster,Designer,Marketing,26,31321,2018-04-19,8,Low,3,1,0.06648950193510289,0.8888888888888888
Tim Neal,Analyst,Marketing,37,26616,2016-09-15,9,Low,3,1,0.0168728315775043,1.0
Christine Aguilar,Developer,Finance,37,32144,2025-01-03,1,Low,0,1,0.07516846467778165,0.1111111111111111
Christopher Espinoza,Sales Executive,Sales,24,27029,2024-02-16,2,Low,4,1,0.021228131228447578,0.2222222222222222
James Kim,Designer,Hr,23,35993,2017-03-28,9,Low,1,1,0.11575817014141543,1.0
Shelley Thomas,Analyst,Hr,43,35931,2025-08-24,0,Low,1,1,0.11510434791778712,0.0
Michael Williamson,Analyst,Finance,32,36182,2025-09-08,0,Low,0,1,0.11775127337150809,0.0
Angela Grant,Analyst,Marketing,43,37174,2018-03-08,8,Low,3,1,0.12821242894956075,0.8888888888888888
Julie Vargas,Designer,Hr,36,27133,2018-08-28,7,Low,1,1,0.022324865280985373,0.7777777777777777
Eric Young,Manager,Finance,26,28114,2024-10-29,1,Low,0,1,0.0326700201419427,0.1111111111111111
Stephanie Harris,Designer,Sales,24,28068,2025-12-22,0,Low,4,1,0.03218492623408942,0.0
Kathy Hensley,Manager,Sales,45,36894,2017-03-28,9,Low,4,1,0.12525968342349753,1.0
Kathleen Campbell,Designer,Hr,44,35863,2024-04-23,2,Low,1,1,0.11438725257574317,0.2222222222222222
Samantha English,Developer,Marketing,44,35320,2021-07-19,4,Low,3,1,0.10866103535912769,0.4444444444444444
Walter Mendoza,Designer,Hr,28,29782,2019-02-02,7,Low,1,1,0.050259947061490895,0.7777777777777777
Michael Holland,Sales Executive,It,41,25785,2016-07-20,9,Low,2,1,0.008109504676937995,1.0
Olivia Taylor,Designer,Sales,28,29216,2017-02-21,9,Low,4,1,0.0442911828909488,1.0
Sherry Patrick,Manager,Sales,31,38607,2020-12-18,5,Low,4,1,0.14332415873116305,0.5555555555555556
Nathan Henry,Sales Executive,Sales,34,31344,2020-11-29,5,Low,4,1,0.0667320488890295,0.5555555555555556
Amy Hernandez,Designer,Marketing,29,36499,2025-03-01,1,Low,3,1,0.12109420312780117,0.1111111111111111
John Soto,Sales Executive,Hr,39,32416,2017-04-16,9,Low,1,1,0.0780368460459574,1.0
Sabrina Johnson,Developer,Marketing,45,28656,2024-05-05,2,Low,3,1,0.03838569183882229,0.2222222222222222
Christopher Davis,Designer,Finance,23,26182,2023-05-31,3,Low,0,1,0.01229607601210625,0.3333333333333333
Andrew Griffin,Manager,Finance,24,37834,2026-05-22,0,Low,0,1,0.13517247197528132,0.0
Daniel Rojas,Sales Executive,Hr,39,27681,2023-04-08,3,Low,1,1,0.0281038100962806,0.3333333333333333
Robert Medina,Designer,It,36,29523,2022-10-17,3,Low,2,1,0.04752865744988244,0.3333333333333333
Jacob Farmer,Developer,Finance,25,29830,2025-11-11,0,Low,0,1,0.05076613200881602,0.0
Christina Townsend,Manager,It,34,27922,2020-04-17,6,Low,2,1,0.03064528035264219,0.6666666666666666
Katie Robinson,Manager,Hr,34,37430,2025-12-10,0,Low,1,1,0.13091208200196147,0.0
Robin Cook,Manager,Hr,33,25620,2021-02-19,5,Low,1,1,0.0063694939205078405,0.5555555555555556
Robert May,Manager,Sales,25,31017,2022-03-01,4,Low,4,1,0.06328366393537704,0.4444444444444444
Roger Cisneros,Manager,Sales,36,34502,2019-01-21,7,Low,4,1,0.10003480021512862,0.7777777777777777
Nathan Padilla,Sales Executive,Hr,23,38836,2022-04-26,4,Low,1,1,0.14573908275069336,0.4444444444444444
Amy Jones,Designer,Finance,38,27055,2025-01-23,1,Low,0,1,0.02150231474158204,0.1111111111111111
Dr. Gregory Wilson,Sales Executive,Finance,44,35389,2020-07-13,5,Low,0,1,0.10938867622090753,0.5555555555555556
Ernest Rodriguez,Designer,Hr,24,28382,2020-09-13,5,Low,1,1,0.03549621943117465,0.5555555555555556
Dr. Amy Moore,Analyst,It,44,34359,2019-12-30,6,Low,2,1,0.09852679089288913,0.6666666666666666
Cory Brown,Analyst,Finance,43,26894,2024-11-06,1,Low,0,1,0.019804486064095683,0.1111111111111111
Kayla Duran,Manager,Finance,29,37578,2016-09-14,9,Low,0,1,0.1324728189228806,1.0
Christina Wilson Dds,Developer,Marketing,33,36429,2024-07-26,1,Low,3,1,0.12035601674628532,0.1111111111111111
James Jefferson,Developer,Sales,42,37045,2018-02-08,8,Low,4,1,0.1268520569036245,0.8888888888888888
Mary Cunningham,Manager,Hr,33,29158,2019-10-14,6,Low,1,1,0.04367954274626423,0.6666666666666666
Brandon Cabrera,Manager,Marketing,43,28390,2022-03-24,4,Low,3,1,0.03558058358906219,0.4444444444444444
Geoffrey Thomas,Designer,Hr,36,34908,2020-08-02,5,Low,1,1,0.1043162812279203,0.5555555555555556
Brittney Hill,Developer,Marketing,34,35274,2025-07-06,0,Low,3,1,0.1081759414512744,0.0
Randy Riggs,Manager,Sales,38,27310,2026-05-29,0,Low,4,1,0.024191422274246754,0.0
Justin French,Analyst,Finance,31,36622,2026-05-09,0,Low,0,1,0.12239130205532178,0.0
Brenda Bailey,Developer,Finance,34,35214,2025-01-14,1,Low,0,1,0.107543210267118,0.1111111111111111
Joseph Mahoney,Designer,Finance,29,27420,2020-09-20,5,Low,0,1,0.02535142944520019,0.5555555555555556
Natalie Allen,Designer,It,45,38190,2016-10-09,9,Low,2,1,0.13892667700127603,1.0
Vicki Bennett,Manager,Sales,28,32794,2016-09-17,9,Low,4,1,0.08202305250614278,1.0
April Pittman,Sales Executive,Marketing,34,30048,2020-02-03,6,Low,3,1,0.053065055311251,0.6666666666666666
Derek Reed,Designer,Marketing,37,26199,2021-04-04,5,Low,3,1,0.012475349847617223,0.5555555555555556
Joseph Rodriguez,Manager,Hr,24,25166,2018-01-14,8,Low,1,1,0.0015818279603910246,0.8888888888888888
Jerry White,Sales Executive,Sales,34,25301,2024-01-10,2,Low,4,1,0.003005473124742919,0.2222222222222222
Susan Cohen,Developer,Marketing,25,34992,2017-08-11,8,Low,3,1,0.10520210488573928,0.8888888888888888
Debra Jordan,Designer,Sales,35,38053,2020-01-01,6,Low,4,1,0.13748194079745218,0.6666666666666666
Ruben Edwards,Sales Executive,Marketing,28,28439,2019-02-24,7,Low,3,1,0.036097314056123264,0.7777777777777777
Angela King,Manager,Hr,30,31578,2020-03-02,6,Low,1,1,0.0691997005072395,0.6666666666666666
Tina Burke,Developer,Hr,26,25934,2023-11-01,2,Low,1,1,0.00968078711759307,0.2222222222222222
Cathy Ellison,Sales Executive,Finance,32,35638,2020-11-12,5,Low,0,1,0.11201451063515666,0.5555555555555556
Brandon Bruce Md,Analyst,Marketing,30,27451,2025-04-22,1,Low,3,1,0.025678340557014345,0.1111111111111111
Amanda Hicks,Developer,Marketing,34,36469,2024-04-27,2,Low,3,1,0.12077783753572296,0.2222222222222222
Louis Walker,Developer,It,33,35843,2022-02-20,4,Low,2,1,0.1141763421810244,0.4444444444444444
Julie Decker,Analyst,Finance,31,38918,2021-06-19,4,Low,0,1,0.1466038153690405,0.4444444444444444
Kevin Martinez,Sales Executive,Hr,31,33064,2018-08-01,7,Low,1,1,0.08487034283484662,0.7777777777777777
Robert Marsh,Designer,Marketing,32,27865,2022-01-08,4,Low,3,1,0.030044185727693573,0.4444444444444444
Kevin Lee,Sales Executive,Finance,35,25217,2022-03-13,4,Low,0,1,0.002119649466923945,0.4444444444444444
Troy Patel,Designer,Sales,44,34827,2019-02-26,7,Low,4,1,0.10346209412930918,0.7777777777777777
Cassandra Hayes,Analyst,It,27,31917,2025-06-16,0,Low,2,1,0.07277463169772319,0.0
Paul Smith,Designer,Marketing,42,29702,2023-09-19,2,Low,3,1,0.04941630548261572,0.2222222222222222
Katherine Cohen,Sales Executive,Hr,29,36793,2019-11-29,6,Low,1,1,0.12419458593016758,0.6666666666666666
Michelle Lee,Sales Executive,Finance,29,38644,2019-08-10,6,Low,0,1,0.14371434296139285,0.6666666666666666
Justin Hopkins,Sales Executive,Hr,42,30859,2023-01-04,3,Low,1,1,0.06161747181709848,0.3333333333333333
Michael Serrano,Sales Executive,Finance,38,26567,2025-01-27,1,Low,0,1,0.016356101110443222,0.1111111111111111
Parker Perez Md,Designer,Sales,29,34564,2022-05-16,4,Low,4,1,0.10068862243875687,0.4444444444444444
Alejandro Branch,Developer,Marketing,28,33075,2023-04-25,3,Low,3,1,0.08498634355194196,0.3333333333333333
Joseph George,Designer,Finance,24,29355,2022-01-18,4,Low,0,1,0.045757010134244436,0.4444444444444444
Alicia Tate,Designer,It,37,29003,2025-07-15,0,Low,2,1,0.04204498718719352,0.0
Nicholas Williams,Manager,Finance,25,29647,2024-12-24,1,Low,0,1,0.048836301897139,0.1111111111111111
Marie King,Developer,Finance,24,30127,2022-11-29,3,Low,0,1,0.05389815137039028,0.3333333333333333
Sharon Willis,Sales Executive,Marketing,36,36698,2020-12-11,5,Low,3,1,0.12319276155525327,0.5555555555555556
Angela Bartlett,Designer,Marketing,29,34656,2024-07-05,1,Low,3,1,0.10165881025446338,0.1111111111111111
Cassie Wilkinson,Manager,Marketing,30,30258,2022-01-14,4,Low,3,1,0.05527961445579843,0.4444444444444444
Nicole Porter,Designer,Finance,30,37866,2020-06-17,5,Low,0,1,0.13550992860683136,0.5555555555555556
Mark Wolf,Manager,Hr,31,36901,2020-05-07,6,Low,1,1,0.12533350206164912,0.6666666666666666
Dylan Nguyen,Designer,Sales,38,77343,2023-12-29,2,Medium,4,2,0.5518154112225422,0.2222222222222222
Matthew Walton,Sales Executive,It,43,68821,2025-11-19,0,Medium,2,2,0.4619464920328598,0.0
Mathew Johnson,Manager,It,42,71306,2025-06-29,0,Medium,2,2,0.4881521085766712,0.0
Nathan Brennan,Designer,It,32,51878,2026-05-20,0,Medium,2,2,0.28327375114682524,0.0
Amanda Soto,Designer,Sales,40,55455,2024-09-03,1,Medium,4,2,0.3209950752422834,0.1111111111111111
Robert Mills,Developer,Marketing,44,56731,2021-04-23,5,Medium,3,2,0.33445115842534295,0.5555555555555556
Dr. Erin Esparza,Analyst,Hr,40,75938,2019-10-07,6,Medium,1,2,0.5369989559935462,0.6666666666666666
Lisa Rodriguez,Manager,Finance,30,74733,2023-04-24,3,Medium,0,2,0.5242916047117383,0.3333333333333333
David Miller,Designer,Hr,22,73637,2018-06-23,7,Medium,1,2,0.5127337150811477,0.7777777777777777
Eric Holmes,Manager,Finance,27,77597,2018-05-09,8,Medium,0,2,0.554493973235471,0.8888888888888888
Eric Carpenter,Designer,Finance,24,68337,2023-11-18,2,Medium,0,2,0.45684246048066485,0.2222222222222222
Jacob Robinson,Sales Executive,Marketing,27,64914,2017-03-01,9,Medium,3,2,0.4207451464245416,1.0
Tricia Thomas,Developer,Sales,34,44263,2018-09-26,7,Medium,4,2,0.20296961835764077,0.7777777777777777
Joel Cole,Manager,Hr,32,71449,2022-03-19,4,Medium,1,2,0.4896601178989107,0.4444444444444444
Angie Wagner,Analyst,Hr,26,77594,2018-06-06,8,Medium,1,2,0.5544623366762631,0.8888888888888888
Tammy Williams,Analyst,It,43,75991,2025-01-18,1,Medium,2,2,0.537557868539551,0.1111111111111111
Kyle Haas,Sales Executive,Finance,44,49407,2021-10-08,4,Medium,0,2,0.25721577187931705,0.4444444444444444
Jacob Carney,Analyst,It,25,47911,2019-11-27,6,Medium,2,2,0.2414396743543506,0.6666666666666666
Jennifer Ellis,Manager,Finance,24,69764,2021-04-06,5,Medium,0,2,0.4718909171438515,0.5555555555555556
Amber Jones,Designer,It,31,42628,2018-06-23,7,Medium,2,2,0.18572769358937857,0.7777777777777777
Scott George,Developer,Finance,33,74780,2021-10-28,4,Medium,0,2,0.5247872441393275,0.4444444444444444
Gregory Cole,Developer,It,32,64304,2022-08-07,3,Medium,2,2,0.414312379385618,0.3333333333333333
Erica Arnold,Designer,Marketing,22,47799,2019-07-26,6,Medium,3,2,0.24025857614392526,0.6666666666666666
Richard Pham,Developer,Hr,30,45073,2023-06-19,2,Medium,1,2,0.2115114893437523,0.2222222222222222
Shawn Powers,Sales Executive,Hr,31,72818,2017-02-14,9,Medium,1,2,0.5040969344174129,1.0
Jennifer Salinas,Analyst,It,36,74264,2020-08-31,5,Medium,2,2,0.5193457559555823,0.5555555555555556
Juan Bennett,Manager,Finance,36,44782,2022-10-16,3,Medium,0,2,0.20844274310059374,0.3333333333333333
Maria Buck,Analyst,Sales,27,52470,2019-04-10,7,Medium,4,2,0.28951669883050185,0.7777777777777777
Lisa Ortiz,Sales Executive,It,42,73025,2020-07-28,5,Medium,2,2,0.5062798570027525,0.5555555555555556
David Ramos,Sales Executive,It,28,60230,2019-04-01,7,Medium,2,2,0.3713499319813977,0.7777777777777777
Nicole Nixon,Developer,It,37,70269,2016-09-18,9,Medium,2,2,0.47721640461050124,1.0
Dan Wood,Sales Executive,It,38,46906,2025-09-24,0,Medium,2,2,0.23084142701973065,0.0
Darrell Davis,Manager,It,38,67441,2024-10-04,1,Medium,2,2,0.4473936747972624,0.1111111111111111
Stephanie Atkinson,Designer,Hr,30,51230,2017-09-07,8,Medium,1,2,0.276440254357936,0.8888888888888888
Scott Garcia,Developer,Finance,38,60013,2019-03-05,7,Medium,0,2,0.36906155419869874,0.7777777777777777
Patrick Moore,Analyst,Finance,36,45066,2018-06-13,7,Medium,0,2,0.2114376707056007,0.7777777777777777
Edward Clark,Manager,Finance,37,52489,2019-05-18,7,Medium,0,2,0.2897170637054847,0.7777777777777777
Michael Hernandez,Developer,Hr,44,41769,2017-06-15,8,Medium,1,2,0.1766690921362059,0.8888888888888888
Jennifer Rios,Sales Executive,It,34,60868,2021-01-11,5,Medium,2,2,0.37807797357292755,0.5555555555555556
Sheri Williams,Manager,Hr,45,49890,2018-01-22,8,Medium,1,2,0.26230925791177623,0.8888888888888888
Michael Henderson,Analyst,Finance,39,57738,2018-05-21,8,Medium,0,2,0.34507049679943474,0.8888888888888888
Cristian Brown,Designer,Hr,44,64476,2020-09-24,5,Medium,1,2,0.41612620878019974,0.5555555555555556
Frank Norris,Sales Executive,Marketing,24,46342,2020-09-02,5,Medium,3,2,0.2248937538886604,0.5555555555555556
Anthony Wu,Sales Executive,Hr,42,53722,2023-05-17,3,Medium,1,2,0.302719689539899,0.3333333333333333
Brandon Walker,Sales Executive,Hr,37,62177,2021-09-03,4,Medium,1,2,0.3918820589072733,0.4444444444444444
Albert Jackson,Manager,Marketing,28,48833,2021-01-09,5,Medium,3,2,0.2511626435508874,0.5555555555555556
Brent Russell,Sales Executive,Sales,41,58252,2016-10-01,9,Medium,4,2,0.3504908939437081,1.0
Tracy Crosby,Sales Executive,Marketing,41,77557,2017-06-29,8,Medium,3,2,0.5540721524460333,0.8888888888888888
Timothy Adams,Developer,It,43,59036,2021-05-15,5,Medium,2,2,0.3587585814166851,0.5555555555555556
Anthony Cowan,Developer,It,37,58092,2018-07-18,7,Medium,2,2,0.3488036107859576,0.7777777777777777
Thomas Miller,Developer,It,23,66222,2022-05-23,4,Medium,2,2,0.4345386862391513,0.4444444444444444
Vickie Saunders,Manager,Sales,25,68239,2026-04-25,0,Medium,4,2,0.4558089995465427,0.0
Mrs. Kimberly Rivera,Designer,It,40,75854,2024-08-16,1,Medium,2,2,0.5361131323357271,0.1111111111111111
Barbara Collins,Developer,Finance,33,49924,2019-11-30,6,Medium,0,2,0.2626678055827982,0.6666666666666666
Tiffany Mann,Analyst,Hr,37,64605,2016-06-27,9,Medium,1,2,0.41748658082613604,1.0
Chad Bates,Analyst,Marketing,23,45558,2017-09-20,8,Medium,3,2,0.21662606641568333,0.8888888888888888
Taylor Garcia,Manager,Sales,34,75534,2022-12-15,3,Medium,4,2,0.5327385660202264,0.3333333333333333
Mackenzie Wood,Developer,It,30,54255,2019-06-12,6,Medium,2,2,0.30834045155915507,0.6666666666666666
Mackenzie Porter,Analyst,Marketing,28,76286,2021-03-15,5,Medium,3,2,0.5406687968616533,0.5555555555555556
Stephanie Brooks,Sales Executive,It,26,41215,2025-10-03,0,Medium,2,2,0.1708268742024951,0.0
Shaun Barry,Designer,Finance,34,58458,2024-08-18,1,Medium,0,2,0.35266327100931166,0.1111111111111111
Catherine Brown,Manager,Hr,36,52113,2023-09-24,2,Medium,1,2,0.2857519482847712,0.2222222222222222
Kimberly Todd,Analyst,Marketing,34,68715,2022-01-07,4,Medium,3,2,0.4608286669408502,0.4444444444444444
Lori Garcia,Developer,Finance,42,48569,2018-07-08,7,Medium,0,2,0.2483786263405992,0.7777777777777777
Sara Love,Designer,Marketing,33,42541,2022-04-13,4,Medium,3,2,0.18481023337235175,0.4444444444444444
Gary Rodriguez,Developer,Sales,41,51014,2023-02-01,3,Medium,4,2,0.27416242209497294,0.3333333333333333
Johnny Nelson,Designer,It,41,45526,2022-05-05,4,Medium,2,2,0.21628860978413322,0.4444444444444444
Kaitlyn Park,Designer,It,36,72529,2018-10-17,7,Medium,2,2,0.501049279213726,0.7777777777777777
Clayton Mendoza,Developer,Finance,23,51818,2020-05-04,6,Medium,0,2,0.2826410199626688,0.6666666666666666
Laura Haas,Manager,Finance,22,58896,2023-02-21,3,Medium,0,2,0.3572822086536535,0.3333333333333333
Nicole Castillo,Analyst,It,23,53386,2023-12-05,2,Medium,2,2,0.2991763949086231,0.2222222222222222
Stephen Hanson,Developer,Finance,43,76741,2019-02-04,7,Medium,0,2,0.5454670083415061,0.7777777777777777
Jill Arnold,Analyst,Finance,29,67157,2025-11-15,0,Medium,0,2,0.4443987471922554,0.0
Corey Bush,Analyst,It,42,71175,2017-08-03,8,Medium,2,2,0.4867706454912631,0.8888888888888888
Ronald Larsen,Analyst,Marketing,22,74234,2020-05-28,6,Medium,3,2,0.5190293903635042,0.6666666666666666
Keith Owen,Manager,Marketing,42,75060,2018-09-06,7,Medium,3,2,0.5277399896653907,0.7777777777777777
Dustin Townsend,Manager,Marketing,29,68694,2023-12-21,2,Medium,3,2,0.4606072110263954,0.2222222222222222
Sandra Tran,Designer,Finance,43,41182,2024-04-27,2,Medium,0,2,0.17047887205120904,0.2222222222222222
Christine Morales,Developer,Marketing,39,51422,2016-09-01,9,Medium,3,2,0.2784649941472365,1.0
Alice Evans,Sales Executive,It,39,59804,2018-09-12,7,Medium,2,2,0.36685754057388725,0.7777777777777777
Katherine Bell,Designer,It,35,70903,2020-08-02,5,Medium,2,2,0.4839022641230873,0.5555555555555556
Susan Jenkins,Analyst,Marketing,41,71884,2019-12-12,6,Medium,3,2,0.4942474189840446,0.6666666666666666
Bridget Odonnell,Manager,Sales,29,64826,2018-08-07,7,Medium,4,2,0.4198171406877788,0.7777777777777777
Kelly Parker,Developer,Finance,40,73637,2022-04-21,4,Medium,0,2,0.5127337150811477,0.4444444444444444
Timothy Calderon,Analyst,It,28,41240,2019-03-27,7,Medium,2,2,0.17109051219589355,0.7777777777777777
Amy Huff,Designer,Finance,35,59421,2017-01-26,9,Medium,0,2,0.3628186065150221,1.0
Robert Mcintosh,Manager,Finance,31,69099,2022-02-17,4,Medium,0,2,0.4648781465194512,0.4444444444444444
Wayne Garza,Manager,Sales,30,64529,2017-06-26,8,Medium,4,2,0.41668512132620456,0.8888888888888888
Tonya Berg,Designer,It,33,67028,2019-09-07,6,Medium,2,2,0.4430383751463191,0.6666666666666666
Logan Rodriguez,Developer,Marketing,39,40748,2016-11-09,9,Medium,3,2,0.165902116485811,1.0
Debra Ramirez,Sales Executive,Sales,38,54540,2025-08-17,0,Medium,4,2,0.31134592468389805,0.0
Dr. Laura Barton,Sales Executive,Sales,33,48162,2022-08-30,3,Medium,4,2,0.2440865998080715,0.3333333333333333
Jessica Robinson,Sales Executive,Marketing,31,68456,2024-12-12,1,Medium,3,2,0.45809737732924166,0.1111111111111111
Stephen Richardson,Analyst,It,36,53503,2023-12-12,2,Medium,2,2,0.3004102207177281,0.2222222222222222
Angelica Holmes,Developer,It,26,61917,2020-09-04,5,Medium,2,2,0.3891402237759288,0.5555555555555556
Stephen Scott,Designer,Sales,30,42889,2022-04-03,4,Medium,4,2,0.18848007424045893,0.4444444444444444
Carolyn Mckenzie,Developer,Marketing,29,74448,2022-10-17,3,Medium,3,2,0.5212861315869952,0.3333333333333333
Gloria Day,Developer,Finance,43,74699,2018-11-04,7,Medium,0,2,0.5239330570407164,0.7777777777777777
Stephanie Perez,Sales Executive,It,35,72027,2019-10-08,6,Medium,2,2,0.4957554283062841,0.6666666666666666
Heather Oneal,Manager,Finance,40,73287,2023-07-19,2,Medium,0,2,0.5090427831735687,0.2222222222222222
Christy Figueroa,Designer,Hr,26,45393,2021-10-20,4,Medium,1,2,0.21488605565925317,0.4444444444444444
Justin Michael,Analyst,It,25,44083,2020-08-12,5,Medium,2,2,0.20107142480517154,0.5555555555555556
Leslie Bennett,Sales Executive,Hr,36,61144,2023-01-14,3,Medium,1,2,0.38098853702004704,0.3333333333333333
Joel Davis,Developer,Sales,45,59236,2021-05-05,5,Medium,4,2,0.3608676853638732,0.5555555555555556
Diana Buck,Developer,It,30,43359,2020-09-05,5,Medium,2,2,0.19343646851635082,0.5555555555555556
Katherine Collins,Designer,Sales,31,48730,2019-01-24,7,Medium,4,2,0.25007645501808556,0.7777777777777777
Antonio Ho,Sales Executive,Finance,29,60878,2019-01-18,7,Medium,0,2,0.37818342877028693,0.7777777777777777
Shelly Hall,Manager,It,24,63006,2022-09-30,3,Medium,2,2,0.40062429476836764,0.3333333333333333
Richard Bond,Sales Executive,Finance,30,71776,2021-05-19,5,Medium,0,2,0.4931085028525631,0.5555555555555556
Shawn Wright,Analyst,Finance,29,52797,2021-04-04,5,Medium,0,2,0.29296508378415426,0.5555555555555556
Christina Parks,Developer,It,24,45874,2017-03-27,9,Medium,2,2,0.2199584506522404,1.0
Craig Ramirez,Manager,Hr,22,70135,2019-04-05,7,Medium,1,2,0.47580330496588524,0.7777777777777777
Jason White,Designer,Finance,36,57972,2018-08-24,7,Medium,0,2,0.3475381484176448,0.7777777777777777
Donna Holmes,Developer,It,43,55624,2018-07-14,7,Medium,2,2,0.3227772680776572,0.7777777777777777
Martha Kelly,Developer,Sales,38,47941,2018-02-20,8,Medium,4,2,0.24175603994642875,0.8888888888888888
Nicholas Krause,Developer,Sales,37,76469,2017-01-10,9,Medium,4,2,0.5425986269733305,1.0
Julie Guerrero,Manager,Finance,44,61188,2018-12-20,7,Medium,0,2,0.38145253988842837,0.7777777777777777
Christina Sanchez,Designer,Hr,41,59313,2019-06-27,6,Medium,1,2,0.3616796903835406,0.6666666666666666
Clarence Roberts,Analyst,It,41,58259,2023-01-08,3,Medium,2,2,0.35056471258185956,0.3333333333333333
Paul Frey,Designer,It,23,59701,2024-08-22,1,Medium,2,2,0.3657713520410854,0.1111111111111111
Christina Farley,Manager,Hr,26,46569,2020-08-09,5,Medium,1,2,0.2272875868687188,0.5555555555555556
Carlos Clayton,Manager,Finance,36,53105,2020-11-16,5,Medium,0,2,0.2962131038628239,0.5555555555555556
Mr. Roy Mcdowell,Manager,Marketing,37,65413,2020-03-02,6,Medium,3,2,0.42600736077277573,0.6666666666666666
Judith Rosales,Designer,Sales,26,44477,2022-10-16,3,Medium,4,2,0.20522635958113195,0.3333333333333333
Ronald Garrett,Designer,Marketing,26,64967,2023-12-28,2,Medium,3,2,0.4213040589705464,0.2222222222222222
Diamond Morgan,Manager,Hr,35,59806,2019-07-04,6,Medium,1,2,0.36687863161335904,0.6666666666666666
Jennifer Pugh,Manager,Sales,44,69939,2016-07-24,9,Medium,4,2,0.47373638309764093,1.0
Mark Horton,Designer,Hr,42,54055,2019-08-23,6,Medium,1,2,0.3062313476119671,0.6666666666666666
Juan Winters,Developer,It,42,55752,2017-01-06,9,Medium,2,2,0.3241270946038575,1.0
Lori Reeves,Designer,Marketing,35,64546,2018-09-23,7,Medium,3,2,0.41686439516171553,0.7777777777777777
Benjamin Martin,Analyst,Marketing,43,61274,2022-03-19,4,Medium,3,2,0.38235945458571924,0.4444444444444444
Cory Martinez,Manager,Hr,38,46426,2026-04-01,0,Medium,1,2,0.22577957754647937,0.0
Steven Edwards,Designer,Marketing,37,69172,2018-02-06,8,Medium,3,2,0.4656479694601749,0.8888888888888888
Anne Klein,Developer,It,25,70235,2017-02-10,9,Medium,2,2,0.4768578569394793,1.0
John Mcdaniel,Analyst,It,42,63654,2024-01-18,2,Medium,2,2,0.40745779155725687,0.2222222222222222
Stephanie Garza,Manager,Marketing,37,75844,2017-07-29,8,Medium,3,2,0.5360076771383677,0.8888888888888888
Ian Wagner,Designer,Marketing,29,49661,2020-05-01,6,Medium,3,2,0.25989433389224587,0.6666666666666666
Dr. Linda Cox,Designer,Finance,34,77139,2023-07-04,2,Medium,0,2,0.5496641251964103,0.2222222222222222
Amy Johnson,Sales Executive,Sales,38,46783,2021-05-30,5,Medium,4,2,0.22954432809221004,0.5555555555555556
Joshua Johnson,Analyst,Sales,40,45540,2017-11-16,8,Medium,4,2,0.2164362470604364,0.8888888888888888
Alexandra Walton,Sales Executive,Marketing,26,41531,2025-03-07,1,Medium,3,2,0.17415925843905217,0.1111111111111111
Rebekah Mills,Designer,Hr,25,60699,2018-11-10,7,Medium,1,2,0.3762957807375537,0.7777777777777777
Chase Schmitt,Designer,Finance,26,50887,2019-03-02,7,Medium,0,2,0.2728231410885085,0.7777777777777777
Patrick Garcia,Analyst,Sales,43,67276,2025-10-03,0,Medium,4,2,0.44565366404083223,0.0
Scott Wells,Designer,Hr,44,68243,2020-04-17,6,Medium,1,2,0.4558511816254864,0.6666666666666666
George Medina,Manager,Finance,38,52050,2025-01-20,1,Medium,0,2,0.285087580541407,0.1111111111111111
Matthew Price,Analyst,Finance,41,75624,2024-03-28,2,Medium,0,2,0.5336876627964608,0.2222222222222222
Bruce Duncan,Developer,Finance,33,61225,2019-03-15,7,Medium,0,2,0.3818427241186582,0.7777777777777777
Daniel Stokes,Analyst,Sales,44,63631,2016-10-26,9,Medium,4,2,0.4072152446033303,1.0
Mrs. Diane Chung,Designer,Hr,30,42560,2021-04-22,5,Medium,1,2,0.18501059824733462,0.5555555555555556
Kathleen Hunter,Developer,Sales,44,66031,2016-07-07,9,Medium,4,2,0.4325244919695867,1.0
Jason Morales,Sales Executive,Finance,30,71205,2024-03-16,2,Medium,0,2,0.48708701108334124,0.2222222222222222
Robert Palmer,Developer,It,26,43427,2025-09-08,0,Medium,2,2,0.19415356385839477,0.0
David Jones,Manager,It,33,45669,2017-07-29,8,Medium,2,2,0.21779661910637266,0.8888888888888888
Megan Fisher,Manager,Finance,25,55565,2018-06-26,7,Medium,0,2,0.3221550824132367,0.7777777777777777
Traci Chaney,Sales Executive,Sales,29,52302,2019-08-06,6,Medium,4,2,0.2877450515148639,0.6666666666666666
Douglas Newman,Designer,Marketing,40,67945,2016-09-05,9,Medium,3,2,0.45270861674417623,1.0
Mario Willis,Sales Executive,It,41,57521,2018-12-15,7,Medium,2,2,0.3427821190167358,0.7777777777777777
Thomas Gonzales,Manager,Finance,39,68822,2025-11-20,0,Medium,0,2,0.4619570375525958,0.0
Elizabeth Moore,Developer,It,32,52194,2024-05-28,2,Medium,2,2,0.28660613538338237,0.2222222222222222
Christopher Ramirez,Designer,Sales,33,45466,2022-03-22,4,Medium,4,2,0.2156558785999768,0.4444444444444444
Andrew Guzman,Manager,Sales,44,50202,2023-08-16,2,Medium,4,2,0.26559946006938956,0.2222222222222222
Sherry Allison,Analyst,It,28,56913,2020-07-02,5,Medium,2,2,0.3363704430172841,0.5555555555555556
Audrey Jensen,Analyst,Sales,23,50971,2025-02-15,1,Medium,4,2,0.2737089647463275,0.1111111111111111
Holly Oneal,Analyst,Marketing,23,65054,2019-10-26,6,Medium,3,2,0.42222151918757317,0.6666666666666666
Courtney Poole,Designer,Finance,32,73325,2021-08-01,4,Medium,0,2,0.5094435129235344,0.4444444444444444
Timothy Ball,Manager,Sales,41,76315,2024-07-23,1,Medium,4,2,0.5409746169339955,0.1111111111111111
Heather Deleon,Designer,Finance,31,47550,2022-03-24,4,Medium,0,2,0.23763274172967613,0.4444444444444444
Andrew Torres,Designer,Sales,41,49952,2017-12-28,8,Medium,4,2,0.2629630801354044,0.8888888888888888
Alexandra Vega,Analyst,Finance,29,66923,2021-02-10,5,Medium,0,2,0.44193109557404536,0.5555555555555556
Megan Davis,Developer,It,34,81692,2020-08-30,5,High,2,0,0.597677876554146,0.5555555555555556
Barbara Hunter,Designer,Hr,41,115340,2022-10-18,3,High,1,0,0.9525135246290615,0.3333333333333333
Rebecca Lopez,Manager,Hr,43,93155,2023-11-14,2,High,1,0,0.7185611692872285,0.2222222222222222
David Jones,Designer,It,41,82052,2016-12-21,9,High,2,0,0.6014742636590844,1.0
Jill Richardson,Manager,Finance,37,105987,2018-09-06,7,High,0,0,0.8538812785388128,0.7777777777777777
Lauren Combs,Developer,It,27,104746,2018-12-27,7,High,2,0,0.8407942885465112,0.7777777777777777
Steven Warner,Sales Executive,Sales,33,107748,2019-08-27,6,High,4,0,0.8724519387938034,0.6666666666666666
Bryan Smith,Manager,It,38,90037,2017-02-22,9,High,2,0,0.6856802387505669,1.0
Matthew Brown,Manager,Marketing,43,82002,2025-09-12,0,High,3,0,0.6009469876722875,0.0
Robert Prince Md,Sales Executive,Marketing,23,117342,2016-07-12,9,High,3,0,0.9736256551404137,1.0
Paul Armstrong,Analyst,Hr,42,106618,2017-05-21,9,High,1,0,0.8605355014921912,1.0
William Wood,Developer,Finance,22,93713,2017-01-18,9,High,0,0,0.724445569299883,1.0
Nicholas Holden,Sales Executive,Sales,42,113458,2018-03-08,8,High,4,0,0.9326668564860221,0.8888888888888888
Alexandria Robinson,Developer,Finance,35,81258,2017-02-27,9,High,0,0,0.593101120988748,1.0
Jose Foster,Analyst,Hr,42,88690,2017-01-10,9,High,1,0,0.6714754236662555,1.0
Michelle Davis,Analyst,Sales,29,88471,2025-09-13,0,High,4,0,0.6691659548440845,0.0
Arthur Smith,Manager,Hr,44,103023,2016-07-14,9,High,1,0,0.8226243580414863,1.0
Amy Thompson,Manager,Hr,32,115111,2022-07-27,3,High,1,0,0.9500986006095311,0.3333333333333333
Elizabeth Scott,Analyst,Sales,43,113745,2025-03-17,1,High,4,0,0.9356934206502368,0.1111111111111111
Christopher Murray,Analyst,Sales,30,94474,2017-06-22,8,High,4,0,0.7324707098189334,0.8888888888888888
William Krueger,Analyst,Finance,26,112496,2021-03-18,5,High,0,0,0.9225220665000475,0.5555555555555556
Bradley Schneider,Manager,Sales,41,81745,2026-03-22,0,High,4,0,0.5982367891001508,0.0
Tara Hamilton,Developer,Marketing,31,109519,2023-02-23,3,High,3,0,0.8911280542461537,0.3333333333333333
Lydia Chung,Manager,Marketing,35,90384,2020-01-15,6,High,3,0,0.6893395340989381,0.6666666666666666
Vanessa Griffin,Sales Executive,Hr,40,93845,2019-06-04,7,High,1,0,0.725837577905027,0.7777777777777777
Joshua Gordon,Developer,Hr,38,95444,2021-02-03,5,High,1,0,0.7426998639627955,0.5555555555555556
Angela Estes,Analyst,Hr,35,91519,2024-10-07,1,High,1,0,0.7013086989992303,0.1111111111111111
Jennifer Castro,Developer,It,43,82994,2019-09-17,6,High,2,0,0.6114081432503402,0.6666666666666666
David Hernandez,Analyst,Hr,35,97247,2021-11-24,4,High,1,0,0.7617134360466957,0.4444444444444444
Kelly Larsen,Manager,Finance,40,92988,2024-11-27,1,High,0,0,0.7168000674913264,0.1111111111111111
Megan Williams,Developer,Finance,34,108485,2025-02-28,1,High,0,0,0.8802239868391915,0.1111111111111111
Laurie Douglas,Manager,Sales,26,81248,2018-06-09,8,High,4,0,0.5929956657913886,0.8888888888888888
Deborah Daniel,Analyst,Finance,32,85498,2019-06-29,6,High,0,0,0.6378141246691345,0.6666666666666666
Kenneth Farrell,Developer,Sales,28,93617,2020-11-20,5,High,4,0,0.7234331994052328,0.5555555555555556
April Thomas,Designer,Sales,40,99989,2021-04-23,5,High,4,0,0.7906292511626436,0.5555555555555556
John Smith,Manager,Finance,33,88596,2025-03-03,1,High,0,0,0.670484144811077,0.1111111111111111
Robin Garcia,Sales Executive,Marketing,32,91655,2017-02-22,9,High,3,0,0.7027428896833181,1.0
Amanda Jacobs,Sales Executive,Finance,29,116942,2017-03-10,9,High,0,0,0.9694074472460377,1.0
Dennis Arnold,Designer,Marketing,25,101101,2020-06-18,5,High,3,0,0.8023558691090091,0.5555555555555556
Roger Smith,Sales Executive,It,34,106974,2021-03-23,5,High,2,0,0.8642897065181858,0.5555555555555556
Christopher Williams,Designer,Finance,41,100262,2020-06-06,6,High,0,0,0.7935081780505553,0.6666666666666666
Brandon Howell,Analyst,Hr,27,84202,2019-12-23,6,High,1,0,0.6241471310913558,0.6666666666666666
William Wilson,Designer,Hr,40,105275,2023-06-27,2,High,1,0,0.8463728684868235,0.2222222222222222
Shane Ross,Manager,Sales,39,89381,2018-09-08,7,High,4,0,0.6787623778037901,0.7777777777777777
Sonia Hill,Developer,Finance,25,112922,2020-02-28,6,High,0,0,0.9270144579075581,0.6666666666666666
William Morrow,Developer,Sales,41,81782,2017-02-15,9,High,4,0,0.5986269733303806,1.0
Robert Jackson,Manager,It,27,93066,2017-05-22,9,High,2,0,0.7176226180307297,1.0
Kelly Baker,Analyst,Marketing,33,111502,2019-04-14,7,High,3,0,0.912039819882523,0.7777777777777777
Robert Stevens,Manager,It,40,116144,2021-07-09,4,High,2,0,0.9609921224967573,0.4444444444444444
Michael Jones,Sales Executive,Sales,45,118968,2016-11-07,9,High,4,0,0.9907726702310524,1.0
Courtney Hughes,Manager,Marketing,25,82873,2024-03-21,2,High,3,0,0.6101321353622913,0.2222222222222222
Brandon Campbell,Designer,Sales,43,91992,2024-02-12,2,High,4,0,0.7062967298343299,0.2222222222222222
Heather Salazar,Manager,Finance,41,89956,2026-03-31,0,High,0,0,0.6848260516519558,0.0
Sarah Clark,Developer,Sales,23,99901,2016-08-03,9,High,4,0,0.7897012454258809,1.0
Daniel Brown,Analyst,Hr,27,115512,2017-07-27,8,High,1,0,0.9543273540236432,0.8888888888888888
John Glenn,Analyst,Sales,29,90385,2022-06-11,3,High,4,0,0.689350079618674,0.3333333333333333
Kenneth White,Developer,Hr,36,108875,2022-10-26,3,High,1,0,0.8843367395362081,0.3333333333333333
Alexis Aguirre,Analyst,Finance,25,85462,2019-07-19,6,High,0,0,0.6374344859586405,0.6666666666666666
Alicia Jensen,Developer,Sales,29,93100,2016-12-19,9,High,4,0,0.7179811657017516,1.0
Amber Franklin,Sales Executive,Sales,24,107313,2026-04-30,0,High,4,0,0.8678646377086696,0.0
Rachel Bennett,Analyst,Sales,32,85130,2018-10-31,7,High,4,0,0.6339333734063084,0.7777777777777777
Bryan Levy,Manager,Marketing,24,108398,2025-10-11,0,High,3,0,0.8793065266221647,0.0
David Vincent,Designer,Sales,28,95879,2018-02-07,8,High,4,0,0.7472871650479296,0.8888888888888888
Samuel Garcia,Sales Executive,Finance,33,107873,2021-12-19,4,High,0,0,0.8737701287607962,0.4444444444444444
Gregory Reynolds,Developer,Marketing,26,105103,2016-10-05,9,High,3,0,0.8445590390922417,1.0
Paul Torres,Analyst,Finance,26,101291,2021-11-10,4,High,0,0,0.8043595178588379,0.4444444444444444
Laura Floyd,Designer,Hr,33,95778,2019-03-11,7,High,1,0,0.7462220675545994,0.7777777777777777
Lindsey Robinson,Manager,Finance,39,118055,2023-03-01,3,High,0,0,0.9811446107121391,0.3333333333333333
Anthony Peterson,Sales Executive,It,30,116673,2023-11-15,2,High,2,0,0.9665707024370698,0.2222222222222222
Sharon Holmes,Designer,Sales,35,104110,2026-03-03,0,High,4,0,0.8340873379944531,0.0
Paige Mccullough,Analyst,Hr,45,114736,2019-11-28,6,High,1,0,0.9461440307085536,0.6666666666666666
Todd Yang,Developer,Finance,45,94522,2019-01-18,7,High,0,0,0.7329768947662585,0.7777777777777777
Marissa Baker,Manager,Marketing,31,97789,2018-06-16,7,High,3,0,0.7674291077435753,0.7777777777777777
Kathryn Larson,Manager,Hr,28,118538,2025-04-03,1,High,1,0,0.9862380967445981,0.1111111111111111
Kristen Gray,Designer,It,32,110621,2020-12-29,5,High,2,0,0.9027492169951596,0.5555555555555556
Peter Mccoy,Designer,Marketing,43,84826,2017-08-19,8,High,3,0,0.6307275354065824,0.8888888888888888
Christy Young,Sales Executive,Finance,29,103650,2018-05-28,8,High,0,0,0.8292363989159206,0.8888888888888888
Joseph Jackson,Analyst,It,23,86644,2022-03-21,4,High,2,0,0.6498992902865217,0.4444444444444444
Rachael Todd,Developer,Finance,45,114690,2024-04-10,2,High,0,0,0.9456589368007002,0.2222222222222222
Angela Davis,Designer,Marketing,26,115106,2022-10-13,3,High,3,0,0.9500458730108514,0.3333333333333333
Stephanie Wallace,Designer,It,43,94773,2021-11-01,4,High,2,0,0.7356238202199796,0.4444444444444444
Suzanne Jones,Designer,Hr,34,84537,2025-08-22,0,High,1,0,0.6276798802028958,0.0
Paul Huber Md,Developer,Marketing,41,104582,2024-05-23,2,High,3,0,0.839064823309817,0.2222222222222222
Roy Graves,Developer,Hr,28,99401,2019-08-11,6,High,1,0,0.7844284855579109,0.6666666666666666
Raymond Cline,Analyst,Finance,24,81454,2023-06-13,2,High,0,0,0.5951680428569923,0.2222222222222222
Brandon Durham,Sales Executive,Sales,37,92598,2021-05-14,5,High,4,0,0.7126873147943096,0.5555555555555556
Robert Miller,Designer,It,29,110990,2023-08-11,2,High,2,0,0.9066405137777216,0.2222222222222222
Mason Salazar,Developer,Hr,39,86669,2019-09-01,6,High,1,0,0.6501629282799204,0.6666666666666666
Larry Smith,Manager,It,37,114109,2021-08-04,4,High,2,0,0.939531989834119,0.4444444444444444
Crystal Simmons Dds,Developer,Marketing,36,105973,2025-03-28,1,High,3,0,0.8537336412625096,0.1111111111111111
David Barnes,Manager,Finance,30,91989,2023-04-16,3,High,0,0,0.706265093275122,0.3333333333333333
Alexis Herring,Designer,Marketing,37,101757,2019-04-30,7,High,3,0,0.809273730055786,0.7777777777777777
Jennifer Smith,Analyst,Finance,40,103102,2018-11-27,7,High,0,0,0.8234574541006254,0.7777777777777777
Mary Perry,Developer,Finance,42,83762,2023-08-02,2,High,0,0,0.6195071024075423,0.2222222222222222
Tina Morales,Analyst,It,33,94505,2021-05-26,5,High,2,0,0.7327976209307476,0.5555555555555556
Mike Gallegos,Sales Executive,Sales,30,81454,2026-01-21,0,High,4,0,0.5951680428569923,0.0
Kimberly Taylor,Sales Executive,Hr,32,114448,2026-05-11,0,High,1,0,0.9431069210246028,0.0
Gabrielle Evans,Developer,Marketing,29,104684,2023-07-26,2,High,3,0,0.8401404663228829,0.2222222222222222
David Herrera,Manager,Finance,44,88630,2021-12-05,4,High,0,0,0.6708426924820989,0.4444444444444444
Julia Carr Dds,Manager,Finance,30,119691,2026-01-20,0,High,0,0,0.9983970810001372,0.0
Heather Padilla,Developer,Marketing,41,106268,2023-06-03,3,High,3,0,0.8568445695846121,0.3333333333333333
Janice Russell,Analyst,It,35,96583,2021-04-13,5,High,2,0,0.7547112109420313,0.5555555555555556
Angela Whitaker,Developer,Marketing,32,92189,2019-10-08,6,High,3,0,0.7083741972223101,0.6666666666666666
Nathan Evans,Developer,Finance,23,113330,2026-03-13,0,High,0,0,0.9313170299598217,0.0
Denise Sellers,Manager,Finance,36,88952,2023-01-16,3,High,0,0,0.6742383498370716,0.3333333333333333
Kaitlyn Buchanan Dds,Sales Executive,Marketing,25,119843,2019-12-29,6,High,3,0,1.0,0.6666666666666666
Lisa Howard,Sales Executive,Marketing,33,88219,2023-12-07,2,High,3,0,0.6665084838706277,0.2222222222222222
Marie Beck,Developer,Marketing,29,84121,2017-08-14,8,High,3,0,0.6232929439927448,0.8888888888888888
Adam Bryant,Sales Executive,It,31,118053,2020-02-27,6,High,2,0,0.9811235196726671,0.6666666666666666
Stephanie Schultz,Developer,Marketing,42,119798,2024-01-10,2,High,3,0,0.9995254516118828,0.2222222222222222
Marc Frye,Analyst,Hr,27,85275,2025-01-10,1,High,1,0,0.6354624737680197,0.1111111111111111
Thomas Burns,Sales Executive,Sales,27,117703,2023-10-02,2,High,4,0,0.977432587765088,0.2222222222222222
David Woodard,Analyst,Sales,34,100861,2018-05-24,8,High,4,0,0.7998249443723835,0.8888888888888888
Dawn Jordan,Analyst,Marketing,39,89033,2017-08-01,8,High,3,0,0.6750925369356828,0.8888888888888888
David Miller,Designer,It,22,113591,2019-01-03,7,High,2,0,0.934069410610902,0.7777777777777777
Suzanne Christensen,Analyst,Finance,44,91222,2018-12-17,7,High,0,0,0.6981766796376561,0.7777777777777777
Mark Pearson,Developer,Sales,27,98586,2021-06-19,4,High,4,0,0.7758338869731196,0.4444444444444444
Allison Collier,Sales Executive,Sales,29,85190,2020-02-27,6,High,4,0,0.6345661045904647,0.6666666666666666
Mikayla Johnson,Manager,Hr,28,99124,2022-09-25,3,High,1,0,0.7815073765910554,0.3333333333333333
Stephen Hicks,Manager,Marketing,34,92616,2021-03-07,5,High,3,0,0.7128771341495566,0.5555555555555556
April Kelley,Developer,Hr,22,108256,2016-07-27,9,High,1,0,0.8778090628196611,1.0
Valerie Martinez,Sales Executive,It,43,87443,2017-01-16,9,High,2,0,0.658325160555538,1.0
Katelyn Carpenter,Analyst,Sales,45,107543,2023-02-19,3,High,4,0,0.8702901072479359,0.3333333333333333
Bruce Friedman,Manager,Marketing,39,113897,2023-05-07,3,High,3,0,0.9372963396500997,0.3333333333333333
Dana Sanchez,Designer,It,43,95016,2024-10-08,1,High,2,0,0.7381863815158132,0.1111111111111111
Caleb Bishop,Designer,It,31,86924,2020-12-07,5,High,2,0,0.6528520358125851,0.5555555555555556
Linda Gonzalez,Developer,Finance,34,119279,2024-01-15,2,High,0,0,0.9940523268689299,0.2222222222222222
Michael Campos,Sales Executive,Hr,32,111265,2017-08-30,8,High,1,0,0.9095405317051053,0.8888888888888888
Mary Sullivan,Developer,It,42,91608,2018-04-25,8,High,2,0,0.7022472502557289,0.8888888888888888
Donna King,Analyst,Sales,39,109468,2025-01-17,1,High,4,0,0.8905902327396207,0.1111111111111111
Jennifer Mack,Manager,Sales,29,97996,2018-07-03,7,High,4,0,0.7696120303289149,0.7777777777777777
Christian Williams,Manager,Marketing,35,117815,2017-12-05,8,High,3,0,0.9786136859755135,0.8888888888888888
Kelly Fuller,Manager,It,34,92057,2023-11-09,2,High,2,0,0.7069821886171661,0.2222222222222222
Michael Goodwin,Sales Executive,Sales,44,108131,2023-07-18,2,High,4,0,0.8764908728526686,0.2222222222222222
Kara Hebert,Sales Executive,Finance,23,91535,2022-08-06,3,High,0,0,0.7014774273150053,0.3333333333333333
David Lee,Manager,It,43,106702,2021-06-24,4,High,2,0,0.86142132515001,0.4444444444444444
Michelle Hernandez,Developer,Sales,27,118602,2019-05-13,7,High,4,0,0.9869130100076984,0.7777777777777777
Stephen Myers,Designer,Marketing,42,108975,2026-05-09,0,High,3,0,0.8853912915098021,0.0
Adam Gonzalez,Analyst,Finance,23,103951,2016-06-17,9,High,0,0,0.8324106003564387,1.0
Amber White,Designer,Marketing,23,83221,2021-11-19,4,High,3,0,0.6138019762303986,0.4444444444444444
Robert White,Analyst,Hr,30,86137,2020-11-15,5,High,1,0,0.6445527117804002,0.5555555555555556
David Roberts,Analyst,Hr,32,112741,2021-03-21,5,High,1,0,0.9251057188353529,0.5555555555555556
Mariah Mueller,Manager,Marketing,25,96676,2020-01-16,6,High,3,0,0.7556919442774739,0.6666666666666666
Nancy Wilkinson,Sales Executive,It,30,115342,2021-10-12,4,High,2,0,0.9525346156685333,0.4444444444444444
Nichole Davis,Designer,Marketing,23,119330,2016-12-28,9,High,3,0,0.9945901483754629,1.0
Michael Saunders,Analyst,It,26,119070,2019-05-28,7,High,2,0,0.9918483132441183,0.7777777777777777
Angelica Hartman,Designer,Marketing,27,109880,2023-12-30,2,High,3,0,0.8949349868708281,0.2222222222222222
Ross Adams,Sales Executive,Hr,44,103568,2021-12-28,4,High,1,0,0.8283716662975735,0.4444444444444444
Taylor Cox,Analyst,It,31,114213,2018-08-30,7,High,2,0,0.9406287238866569,0.7777777777777777
Christina Medina,Manager,Finance,34,96795,2024-03-03,2,High,0,0,0.7569468611260506,0.2222222222222222
Nicole Williams,Developer,Marketing,37,94487,2020-11-26,5,High,3,0,0.7326078015755007,0.5555555555555556
Erica Larson,Designer,Hr,35,105790,2021-10-05,4,High,1,0,0.8518038111508326,0.4444444444444444
Jessica Crosby,Analyst,Hr,39,99452,2017-02-12,9,High,1,0,0.7849663070644437,1.0
Bryan Thompson,Sales Executive,Finance,36,88500,2025-03-25,1,High,0,0,0.6694717749164267,0.1111111111111111
William Patterson,Developer,Hr,27,118778,2017-05-31,9,High,1,0,0.9887690214812237,1.0
Nathan Dickerson,Manager,Sales,39,115422,2026-05-23,0,High,4,0,0.9533782572474085,0.0
Taylor Gutierrez,Sales Executive,It,27,109828,2021-07-20,4,High,2,0,0.8943866198445591,0.4444444444444444
Jessica Brewer,Analyst,It,26,97969,2020-08-08,5,High,2,0,0.7693273012960444,0.5555555555555556
Jo Scott,Analyst,Hr,40,104064,2024-07-26,1,High,1,0,0.8336022440866,0.1111111111111111
Gregory Wang,Manager,Sales,42,84699,2017-06-27,8,High,4,0,0.6293882544001181,0.8888888888888888
Jeffrey Jackson,Sales Executive,It,24,93902,2021-03-28,5,High,2,0,0.7264386725299756,0.5555555555555556
Nichole Coleman,Developer,Finance,23,85156,2022-07-23,3,High,0,0,0.6342075569194427,0.3333333333333333
Karen Duran,Designer,Marketing,36,118951,2022-03-03,4,High,3,0,0.9905933963955416,0.4444444444444444
Christine Taylor,Sales Executive,Finance,30,97077,2022-10-06,3,High,0,0,0.7599206976915858,0.3333333333333333
Allison Fernandez,Sales Executive,Marketing,28,113227,2024-12-23,1,High,3,0,0.9302308414270197,0.1111111111111111
Samantha Willis,Analyst,It,35,92789,2017-03-20,9,High,2,0,0.7147015090638742,1.0
Linda Gross,Sales Executive,Sales,22,84580,2021-07-11,4,High,4,0,0.6281333375515412,0.4444444444444444
David Fisher,Manager,Marketing,28,99135,2024-07-27,1,High,3,0,0.7816233773081507,0.1111111111111111
Shawna Patel,Sales Executive,Hr,37,111499,2023-04-18,3,High,1,0,0.9120081833233151,0.3333333333333333
Joseph Moore,Sales Executive,It,40,83616,2020-09-02,5,High,2,0,0.6179674565260949,0.5555555555555556
